BATTER_ID,PLAYER_NAME,PLATE_X,PLATE_Z,BALLS,STRIKES,INNING,CUMULATIVE_PITCH_COUNT,INNING_PRESSURE,BAT_PITCHER_MATCHUP,PLATE_X_STRIKES,PLATE_X_BALLS,PLATE_Z_STRIKES,PLATE_Z_BALLS,PITCH_TYPE_FB,PITCH_TYPE_BB,PITCH_TYPE_OS
444482,"Peralta, David",0.038285715384095094,2.277277171228064,0.8905012279154577,0.8941308560178044,4.864340768878509,5422,2.10597698738796,1,0.034232439469634966,0.03409347656115841,2.036183786499953,2.027918117282431,0.4263268442763514,0.3044490357863683,0.14088949392347214
453568,"Blackmon, Charlie",0.038285715384095094,2.277277171228064,0.8905012279154577,0.8941308560178044,4.864340768878509,5747,2.0522889205027717,0,0.034232439469634966,0.03409347656115841,2.036183786499953,2.027918117282431,0.4658063505720535,0.36403947480567467,0.06061522261811606
456781,"Solano, Donovan",0.038285715384095094,2.277277171228064,0.8905012279154577,0.8941308560178044,4.864340768878509,4312,2.3744294881963017,2,0.034232439469634966,0.03409347656115841,2.036183786499953,2.027918117282431,0.5091214453163055,0.30421266009639486,0.16681253482813677
457705,"McCutchen, Andrew",0.038285715384095094,2.277277171228064,0.8905012279154577,0.8941308560178044,4.864340768878509,6680,2.2312283340607575,2,0.034232439469634966,0.03409347656115841,2.036183786499953,2.027918117282431,0.5128062769968619,0.30421266009639486,0.16681253482813677
457759,"Turner, Justin",0.038285715384095094,2.277277171228064,0.8905012279154577,0.8941308560178044,4.864340768878509,7279,2.0844753653484247,3,0.034232439469634966,0.03409347656115841,2.036183786499953,2.027918117282431,0.5088969719663452,0.3507658683362445,0.10642183616128528
467793,"Santana, Carlos",0.038285715384095094,2.277277171228064,0.8905012279154577,0.8941308560178044,4.864340768878509,7235,2.071593070951073,1,0.034232439469634966,0.03409347656115841,2.036183786499953,2.027918117282431,0.43060034854985574,0.3044490357863683,0.14291539736047626
500743,"Rojas, Miguel",0.038285715384095094,2.277277171228064,0.8905012279154577,0.8941308560178044,4.864340768878509,5272,2.2386884421174313,3,0.034232439469634966,0.03409347656115841,2.036183786499953,2.027918117282431,0.5088969719663452,0.3457845949280049,0.0994492441587756
502054,"Pham, Tommy",0.038285715384095094,2.277277171228064,0.8905012279154577,0.8941308560178044,4.864340768878509,6796,2.124134924182097,2,0.034232439469634966,0.03409347656115841,2.036183786499953,2.027918117282431,0.5128062769968619,0.30421266009639486,0.16681253482813677
502110,"Martinez, J.D.",0.038285715384095094,2.277277171228064,0.8905012279154577,0.8941308560178044,4.864340768878509,6664,2.0412633310067285,2,0.034232439469634966,0.03409347656115841,2.036183786499953,2.027918117282431,0.5128062769968619,0.30421266009639486,0.16681253482813677
502671,"Goldschmidt, Paul",0.038285715384095094,2.277277171228064,0.8905012279154577,0.8941308560178044,4.864340768878509,8299,2.012437152490171,3,0.034232439469634966,0.03409347656115841,2.036183786499953,2.027918117282431,0.5088969719663452,0.3507658683362445,0.10642183616128528
514888,"Altuve, Jose",0.038285715384095094,2.277277171228064,0.8905012279154577,0.8941308560178044,4.864340768878509,6354,2.001522015214178,3,0.034232439469634966,0.03409347656115841,2.036183786499953,2.027918117282431,0.5088969719663452,0.3507658683362445,0.10642183616128528
516782,"Marte, Starling",0.038285715384095094,2.277277171228064,0.8905012279154577,0.8941308560178044,4.864340768878509,5159,2.018513996610527,3,0.034232439469634966,0.03409347656115841,2.036183786499953,2.027918117282431,0.5122839142793718,0.3457845949280049,0.0804246837636183
518595,"d'Arnaud, Travis",0.038285715384095094,2.277277171228064,0.8905012279154577,0.8941308560178044,4.864340768878509,3620,2.2405147200865434,3,0.034232439469634966,0.03409347656115841,2.036183786499953,2.027918117282431,0.5113449583417481,0.34408738290889695,0.06736069420005468
518692,"Freeman, Freddie",0.038285715384095094,2.277277171228064,0.8905012279154577,0.8941308560178044,4.864340768878509,8196,2.0038860429874337,1,0.034232439469634966,0.03409347656115841,2.036183786499953,2.027918117282431,0.43060034854985574,0.3044490357863683,0.14291539736047626
518792,"Heyward, Jason",0.038285715384095094,2.277277171228064,0.8905012279154577,0.8941308560178044,4.864340768878509,3311,2.187841042131997,1,0.034232439469634966,0.03409347656115841,2.036183786499953,2.027918117282431,0.43054595952299507,0.3044490357863683,0.14088949392347214
519203,"Rizzo, Anthony",0.038285715384095094,2.277277171228064,0.8905012279154577,0.8941308560178044,4.864340768878509,6012,2.1655570578973773,1,0.034232439469634966,0.03409347656115841,2.036183786499953,2.027918117282431,0.43060034854985574,0.3044490357863683,0.14291539736047626
519317,"Stanton, Giancarlo",0.038285715384095094,2.277277171228064,0.8905012279154577,0.8941308560178044,4.864340768878509,5986,2.2314620352918046,2,0.034232439469634966,0.03409347656115841,2.036183786499953,2.027918117282431,0.5128062769968619,0.30421266009639486,0.16681253482813677
521692,"Perez, Salvador",0.038285715384095094,2.277277171228064,0.8905012279154577,0.8941308560178044,4.864340768878509,6153,1.9324770427037614,3,0.034232439469634966,0.03409347656115841,2.036183786499953,2.027918117282431,0.5088969719663452,0.3507658683362445,0.10642183616128528
542303,"Ozuna, Marcell",0.038285715384095094,2.277277171228064,0.8905012279154577,0.8941308560178044,4.864340768878509,5147,2.0525257954488576,3,0.034232439469634966,0.03409347656115841,2.036183786499953,2.027918117282431,0.5122839142793718,0.3457845949280049,0.0804246837636183
543257,"Grossman, Robbie",0.038285715384095094,2.277277171228064,0.8905012279154577,0.8941308560178044,4.864340768878509,6475,2.0968366665509524,1,0.034232439469634966,0.03409347656115841,2.036183786499953,2.027918117282431,0.43060034854985574,0.3044490357863683,0.14291539736047626
543309,"Higashioka, Kyle",0.038285715384095094,2.277277171228064,0.8905012279154577,0.8941308560178044,4.864340768878509,2733,2.2781034649174057,3,0.034232439469634966,0.03409347656115841,2.036183786499953,2.027918117282431,0.5031513383483681,0.39775963628705213,0.06668777928940185
543760,"Semien, Marcus",0.038285715384095094,2.277277171228064,0.8905012279154577,0.8941308560178044,4.864340768878509,8498,2.0153238546448717,3,0.034232439469634966,0.03409347656115841,2.036183786499953,2.027918117282431,0.5088969719663452,0.3507658683362445,0.10642183616128528
543807,"Springer, George",0.038285715384095094,2.277277171228064,0.8905012279154577,0.8941308560178044,4.864340768878509,6031,2.1045665116217265,3,0.034232439469634966,0.03409347656115841,2.036183786499953,2.027918117282431,0.5088969719663452,0.3507658683362445,0.10642183616128528
543877,"Vázquez, Christian",0.038285715384095094,2.277277171228064,0.8905012279154577,0.8941308560178044,4.864340768878509,4903,2.3080884370659045,2,0.034232439469634966,0.03409347656115841,2.036183786499953,2.027918117282431,0.5091214453163055,0.30421266009639486,0.16681253482813677
545121,"Vargas, Ildemaro",0.038285715384095094,2.277277171228064,0.8905012279154577,0.8941308560178044,4.864340768878509,2121,2.3638379026285676,2,0.034232439469634966,0.03409347656115841,2.036183786499953,2.027918117282431,0.5103703504213809,0.30421266009639486,0.16681253482813677
545341,"Grichuk, Randal",0.038285715384095094,2.277277171228064,0.8905012279154577,0.8941308560178044,4.864340768878509,5702,2.2024107409796643,3,0.034232439469634966,0.03409347656115841,2.036183786499953,2.027918117282431,0.5088969719663452,0.3507658683362445,0.10642183616128528
547180,"Harper, Bryce",0.038285715384095094,2.277277171228064,0.8905012279154577,0.8941308560178044,4.864340768878509,6016,2.0529389613415545,0,0.034232439469634966,0.03409347656115841,2.036183786499953,2.027918117282431,0.4658063505720535,0.36403947480567467,0.06061522261811606
553869,"Díaz, Elias",0.038285715384095094,2.277277171228064,0.8905012279154577,0.8941308560178044,4.864340768878509,4736,2.212936396139521,2,0.034232439469634966,0.03409347656115841,2.036183786499953,2.027918117282431,0.5091214453163055,0.30421266009639486,0.16681253482813677
553993,"Suárez, Eugenio",0.038285715384095094,2.277277171228064,0.8905012279154577,0.8941308560178044,4.864340768878509,7911,2.210561583927039,3,0.034232439469634966,0.03409347656115841,2.036183786499953,2.027918117282431,0.5088969719663452,0.3507658683362445,0.10642183616128528
570482,"Urshela, Gio",0.038285715384095094,2.277277171228064,0.8905012279154577,0.8941308560178044,4.864340768878509,4595,2.1868380253527153,2,0.034232439469634966,0.03409347656115841,2.036183786499953,2.027918117282431,0.5091214453163055,0.30421266009639486,0.16681253482813677
571448,"Arenado, Nolan",0.038285715384095094,2.277277171228064,0.8905012279154577,0.8941308560178044,4.864340768878509,7058,2.091268246174027,3,0.034232439469634966,0.03409347656115841,2.036183786499953,2.027918117282431,0.5088969719663452,0.3507658683362445,0.10642183616128528
571745,"Haniger, Mitch",0.038285715384095094,2.277277171228064,0.8905012279154577,0.8941308560178044,4.864340768878509,4696,2.1320450069757992,3,0.034232439469634966,0.03409347656115841,2.036183786499953,2.027918117282431,0.5092213504183026,0.34408738290889695,0.07133045750601669
571771,"Hernández, Enrique",0.038285715384095094,2.277277171228064,0.8905012279154577,0.8941308560178044,4.864340768878509,5719,2.003326867319698,2,0.034232439469634966,0.03409347656115841,2.036183786499953,2.027918117282431,0.5128062769968619,0.30421266009639486,0.16681253482813677
571970,"Muncy, Max",0.038285715384095094,2.277277171228064,0.8905012279154577,0.8941308560178044,4.864340768878509,7355,2.1070334129953436,1,0.034232439469634966,0.03409347656115841,2.036183786499953,2.027918117282431,0.43060034854985574,0.3044490357863683,0.14291539736047626
572138,"Singleton, Jon",0.038285715384095094,2.277277171228064,0.8905012279154577,0.8941308560178044,4.864340768878509,422,1.8133709563211935,1,0.034232439469634966,0.03409347656115841,2.036183786499953,2.027918117282431,0.4384029366523754,0.3044490357863683,0.14039758827224358
572191,"Taylor, Michael A.",0.038285715384095094,2.277277171228064,0.8905012279154577,0.8941308560178044,4.864340768878509,5356,2.175651558320528,3,0.034232439469634966,0.03409347656115841,2.036183786499953,2.027918117282431,0.5088969719663452,0.3457845949280049,0.1093446816215558
572233,"Walker, Christian",0.038285715384095094,2.277277171228064,0.8905012279154577,0.8941308560178044,4.864340768878509,6988,2.1912849814753077,3,0.034232439469634966,0.03409347656115841,2.036183786499953,2.027918117282431,0.5088969719663452,0.3507658683362445,0.10642183616128528
573262,"Yastrzemski, Mike",0.038285715384095094,2.277277171228064,0.8905012279154577,0.8941308560178044,4.864340768878509,6025,2.1384703701093746,0,0.034232439469634966,0.03409347656115841,2.036183786499953,2.027918117282431,0.4658063505720535,0.36403947480567467,0.06061522261811606
575929,"Contreras, Willson",0.038285715384095094,2.277277171228064,0.8905012279154577,0.8941308560178044,4.864340768878509,5744,2.0969792946405375,3,0.034232439469634966,0.03409347656115841,2.036183786499953,2.027918117282431,0.5088969719663452,0.3507658683362445,0.10642183616128528
578428,"Iglesias, Jose",0.038285715384095094,2.277277171228064,0.8905012279154577,0.8941308560178044,4.864340768878509,3596,2.2505417073965464,3,0.034232439469634966,0.03409347656115841,2.036183786499953,2.027918117282431,0.5113449583417481,0.34408738290889695,0.06736069420005468
592192,"Canha, Mark",0.038285715384095094,2.277277171228064,0.8905012279154577,0.8941308560178044,4.864340768878509,6945,2.0835235291184344,3,0.034232439469634966,0.03409347656115841,2.036183786499953,2.027918117282431,0.5088969719663452,0.3507658683362445,0.10642183616128528
592206,"Castellanos, Nick",0.038285715384095094,2.277277171228064,0.8905012279154577,0.8941308560178044,4.864340768878509,6636,2.0683440237011665,3,0.034232439469634966,0.03409347656115841,2.036183786499953,2.027918117282431,0.5088969719663452,0.3507658683362445,0.10642183616128528
592273,"Drury, Brandon",0.038285715384095094,2.277277171228064,0.8905012279154577,0.8941308560178044,4.864340768878509,4525,2.1518230568406067,3,0.034232439469634966,0.03409347656115841,2.036183786499953,2.027918117282431,0.5092213504183026,0.34408738290889695,0.06897284651098126
592450,"Judge, Aaron",0.038285715384095094,2.277277171228064,0.8905012279154577,0.8941308560178044,4.864340768878509,7461,2.2240887706911026,2,0.034232439469634966,0.03409347656115841,2.036183786499953,2.027918117282431,0.5128062769968619,0.30421266009639486,0.16681253482813677
592518,"Machado, Manny",0.038285715384095094,2.277277171228064,0.8905012279154577,0.8941308560178044,4.864340768878509,6893,2.0554565250343577,2,0.034232439469634966,0.03409347656115841,2.036183786499953,2.027918117282431,0.5128062769968619,0.30421266009639486,0.16681253482813677
592626,"Pederson, Joc",0.038285715384095094,2.277277171228064,0.8905012279154577,0.8941308560178044,4.864340768878509,5326,2.130275343319842,1,0.034232439469634966,0.03409347656115841,2.036183786499953,2.027918117282431,0.4263268442763514,0.3044490357863683,0.14088949392347214
592663,"Realmuto, J.T.",0.038285715384095094,2.277277171228064,0.8905012279154577,0.8941308560178044,4.864340768878509,6385,2.167445734896792,2,0.034232439469634966,0.03409347656115841,2.036183786499953,2.027918117282431,0.5128062769968619,0.30421266009639486,0.16681253482813677
592669,"Renfroe, Hunter",0.038285715384095094,2.277277171228064,0.8905012279154577,0.8941308560178044,4.864340768878509,6325,2.2045811126949464,2,0.034232439469634966,0.03409347656115841,2.036183786499953,2.027918117282431,0.5128062769968619,0.30421266009639486,0.16681253482813677
592696,"Rosario, Eddie",0.038285715384095094,2.277277171228064,0.8905012279154577,0.8941308560178044,4.864340768878509,4426,2.0542473812525777,0,0.034232439469634966,0.03409347656115841,2.036183786499953,2.027918117282431,0.46369119755302957,0.36403947480567467,0.06061522261811606
592885,"Yelich, Christian",0.038285715384095094,2.277277171228064,0.8905012279154577,0.8941308560178044,4.864340768878509,7318,2.073846153997835,1,0.034232439469634966,0.03409347656115841,2.036183786499953,2.027918117282431,0.43060034854985574,0.3044490357863683,0.14291539736047626
593160,"Merrifield, Whit",0.038285715384095094,2.277277171228064,0.8905012279154577,0.8941308560178044,4.864340768878509,6825,2.121567636605775,3,0.034232439469634966,0.03409347656115841,2.036183786499953,2.027918117282431,0.5088969719663452,0.3507658683362445,0.10642183616128528
593428,"Bogaerts, Xander",0.038285715384095094,2.277277171228064,0.8905012279154577,0.8941308560178044,4.864340768878509,7649,2.0624031767544415,2,0.034232439469634966,0.03409347656115841,2.036183786499953,2.027918117282431,0.5128062769968619,0.30421266009639486,0.16681253482813677
593871,"Polanco, Jorge",0.038285715384095094,2.277277171228064,0.8905012279154577,0.8941308560178044,4.864340768878509,5789,2.092567195093538,1,0.034232439469634966,0.03409347656115841,2.036183786499953,2.027918117282431,0.43060034854985574,0.3044490357863683,0.14291539736047626
594807,"Duvall, Adam",0.038285715384095094,2.277277171228064,0.8905012279154577,0.8941308560178044,4.864340768878509,4714,2.253065558634078,3,0.034232439469634966,0.03409347656115841,2.036183786499953,2.027918117282431,0.5092213504183026,0.34408738290889695,0.07133045750601669
595281,"Kiermaier, Kevin",0.038285715384095094,2.277277171228064,0.8905012279154577,0.8941308560178044,4.864340768878509,3833,2.3589066758385826,1,0.034232439469634966,0.03409347656115841,2.036183786499953,2.027918117282431,0.4268860511552412,0.3044490357863683,0.14088949392347214
595777,"Profar, Jurickson",0.038285715384095094,2.277277171228064,0.8905012279154577,0.8941308560178044,4.864340768878509,6628,2.1373039697930314,2,0.034232439469634966,0.03409347656115841,2.036183786499953,2.027918117282431,0.5128062769968619,0.30421266009639486,0.16681253482813677
595879,"Báez, Javier",0.038285715384095094,2.277277171228064,0.8905012279154577,0.8941308560178044,4.864340768878509,6127,2.074620446923368,3,0.034232439469634966,0.03409347656115841,2.036183786499953,2.027918117282431,0.5088969719663452,0.3507658683362445,0.10642183616128528
595909,"Cave, Jake",0.038285715384095094,2.277277171228064,0.8905012279154577,0.8941308560178044,4.864340768878509,2242,2.2746739322229956,1,0.034232439469634966,0.03409347656115841,2.036183786499953,2.027918117282431,0.43054595952299507,0.3044490357863683,0.14088949392347214
596019,"Lindor, Francisco",0.038285715384095094,2.277277171228064,0.8905012279154577,0.8941308560178044,4.864340768878509,7666,2.0497689710643012,2,0.034232439469634966,0.03409347656115841,2.036183786499953,2.027918117282431,0.5128062769968619,0.30421266009639486,0.16681253482813677
596142,"Sánchez, Gary",0.038285715384095094,2.277277171228064,0.8905012279154577,0.8941308560178044,4.864340768878509,4817,2.2167934855032634,2,0.034232439469634966,0.03409347656115841,2.036183786499953,2.027918117282431,0.5091214453163055,0.30421266009639486,0.16681253482813677
596146,"Kepler, Max",0.038285715384095094,2.277277171228064,0.8905012279154577,0.8941308560178044,4.864340768878509,5456,2.2253642481052673,1,0.034232439469634966,0.03409347656115841,2.036183786499953,2.027918117282431,0.4263268442763514,0.3044490357863683,0.14291539736047626
600869,"Candelario, Jeimer",0.038285715384095094,2.277277171228064,0.8905012279154577,0.8941308560178044,4.864340768878509,6619,2.11741368827409,1,0.034232439469634966,0.03409347656115841,2.036183786499953,2.027918117282431,0.43060034854985574,0.3044490357863683,0.14291539736047626
602104,"Urías, Ramón",0.038285715384095094,2.277277171228064,0.8905012279154577,0.8941308560178044,4.864340768878509,4359,2.1903740163891574,2,0.034232439469634966,0.03409347656115841,2.036183786499953,2.027918117282431,0.5091214453163055,0.30421266009639486,0.16681253482813677
605137,"Bell, Josh",0.038285715384095094,2.277277171228064,0.8905012279154577,0.8941308560178044,4.864340768878509,7115,2.079363896626776,1,0.034232439469634966,0.03409347656115841,2.036183786499953,2.027918117282431,0.43060034854985574,0.3044490357863683,0.14291539736047626
605141,"Betts, Mookie",0.038285715384095094,2.277277171228064,0.8905012279154577,0.8941308560178044,4.864340768878509,7372,2.0605781681790667,3,0.034232439469634966,0.03409347656115841,2.036183786499953,2.027918117282431,0.5088969719663452,0.3507658683362445,0.10642183616128528
605170,"Caratini, Victor",0.038285715384095094,2.277277171228064,0.8905012279154577,0.8941308560178044,4.864340768878509,3363,2.606682329800475,2,0.034232439469634966,0.03409347656115841,2.036183786499953,2.027918117282431,0.512619574451623,0.30421266009639486,0.16681253482813677
606115,"Arcia, Orlando",0.038285715384095094,2.277277171228064,0.8905012279154577,0.8941308560178044,4.864340768878509,3399,2.1535733381717495,3,0.034232439469634966,0.03409347656115841,2.036183786499953,2.027918117282431,0.5064323715879666,0.34408738290889695,0.06697061568740081
606192,"Hernández, Teoscar",0.038285715384095094,2.277277171228064,0.8905012279154577,0.8941308560178044,4.864340768878509,7045,2.1632886575611914,3,0.034232439469634966,0.03409347656115841,2.036183786499953,2.027918117282431,0.5088969719663452,0.3507658683362445,0.10642183616128528
606466,"Marte, Ketel",0.038285715384095094,2.277277171228064,0.8905012279154577,0.8941308560178044,4.864340768878509,6053,2.1247327121728246,1,0.034232439469634966,0.03409347656115841,2.036183786499953,2.027918117282431,0.43060034854985574,0.3044490357863683,0.14291539736047626
607043,"Nimmo, Brandon",0.038285715384095094,2.277277171228064,0.8905012279154577,0.8941308560178044,4.864340768878509,7176,2.0146991835118926,0,0.034232439469634966,0.03409347656115841,2.036183786499953,2.027918117282431,0.4658063505720535,0.36403947480567467,0.06061522261811606
607208,"Turner, Trea",0.038285715384095094,2.277277171228064,0.8905012279154577,0.8941308560178044,4.864340768878509,7882,2.0463437442551244,2,0.034232439469634966,0.03409347656115841,2.036183786499953,2.027918117282431,0.5128062769968619,0.30421266009639486,0.16681253482813677
607680,"Pillar, Kevin",0.038285715384095094,2.277277171228064,0.8905012279154577,0.8941308560178044,4.864340768878509,2123,2.319244953824248,2,0.034232439469634966,0.03409347656115841,2.036183786499953,2.027918117282431,0.5103703504213809,0.30421266009639486,0.16681253482813677
607732,"Stallings, Jacob",0.038285715384095094,2.277277171228064,0.8905012279154577,0.8941308560178044,4.864340768878509,4255,2.278133033184184,3,0.034232439469634966,0.03409347656115841,2.036183786499953,2.027918117282431,0.5067704413273936,0.34408738290889695,0.0719802072348734
608070,"Ramírez, José",0.038285715384095094,2.277277171228064,0.8905012279154577,0.8941308560178044,4.864340768878509,8027,2.020029519225981,2,0.034232439469634966,0.03409347656115841,2.036183786499953,2.027918117282431,0.5128062769968619,0.30421266009639486,0.16681253482813677
608324,"Bregman, Alex",0.038285715384095094,2.277277171228064,0.8905012279154577,0.8941308560178044,4.864340768878509,6903,2.062002273252497,3,0.034232439469634966,0.03409347656115841,2.036183786499953,2.027918117282431,0.5088969719663452,0.3507658683362445,0.10642183616128528
608336,"Gallo, Joey",0.038285715384095094,2.277277171228064,0.8905012279154577,0.8941308560178044,4.864340768878509,5765,2.260658186373711,1,0.034232439469634966,0.03409347656115841,2.036183786499953,2.027918117282431,0.43060034854985574,0.3044490357863683,0.14291539736047626
608348,"Kelly, Carson",0.038285715384095094,2.277277171228064,0.8905012279154577,0.8941308560178044,4.864340768878509,3455,2.1482259724517325,2,0.034232439469634966,0.03409347656115841,2.036183786499953,2.027918117282431,0.510512081212884,0.30421266009639486,0.16681253482813677
608369,"Seager, Corey",0.038285715384095094,2.277277171228064,0.8905012279154577,0.8941308560178044,4.864340768878509,5511,2.0974935999704645,1,0.034232439469634966,0.03409347656115841,2.036183786499953,2.027918117282431,0.4263268442763514,0.3044490357863683,0.14291539736047626
608385,"Winker, Jesse",0.038285715384095094,2.277277171228064,0.8905012279154577,0.8941308560178044,4.864340768878509,4955,2.1328656392379903,1,0.034232439469634966,0.03409347656115841,2.036183786499953,2.027918117282431,0.42691551686929946,0.3044490357863683,0.14088949392347214
608701,"Refsnyder, Rob",0.038285715384095094,2.277277171228064,0.8905012279154577,0.8941308560178044,4.864340768878509,2405,2.2323921254208483,2,0.034232439469634966,0.03409347656115841,2.036183786499953,2.027918117282431,0.5103703504213809,0.30421266009639486,0.16681253482813677
608841,"Meneses, Joey",0.038285715384095094,2.277277171228064,0.8905012279154577,0.8941308560178044,4.864340768878509,3481,1.9481981917345317,3,0.034232439469634966,0.03409347656115841,2.036183786499953,2.027918117282431,0.5105396139854101,0.34408738290889695,0.06697061568740081
609280,"Andujar, Miguel",0.038285715384095094,2.277277171228064,0.8905012279154577,0.8941308560178044,4.864340768878509,1456,2.413397486594602,2,0.034232439469634966,0.03409347656115841,2.036183786499953,2.027918117282431,0.510279824083597,0.30421266009639486,0.16681253482813677
621020,"Swanson, Dansby",0.038285715384095094,2.277277171228064,0.8905012279154577,0.8941308560178044,4.864340768878509,7887,2.095349422842866,3,0.034232439469634966,0.03409347656115841,2.036183786499953,2.027918117282431,0.5088969719663452,0.3507658683362445,0.10642183616128528
621028,"Newman, Kevin",0.038285715384095094,2.277277171228064,0.8905012279154577,0.8941308560178044,4.864340768878509,3918,2.193154792006247,3,0.034232439469634966,0.03409347656115841,2.036183786499953,2.027918117282431,0.5090635855354314,0.34408738290889695,0.06736069420005468
621035,"Taylor, Chris",0.038285715384095094,2.277277171228064,0.8905012279154577,0.8941308560178044,4.864340768878509,5986,2.227205153220021,3,0.034232439469634966,0.03409347656115841,2.036183786499953,2.027918117282431,0.5088969719663452,0.3507658683362445,0.10642183616128528
621043,"Correa, Carlos",0.038285715384095094,2.277277171228064,0.8905012279154577,0.8941308560178044,4.864340768878509,7286,2.111932634571943,3,0.034232439469634966,0.03409347656115841,2.036183786499953,2.027918117282431,0.5088969719663452,0.3507658683362445,0.10642183616128528
621438,"Taylor, Tyrone",0.038285715384095094,2.277277171228064,0.8905012279154577,0.8941308560178044,4.864340768878509,3460,2.45086172724476,3,0.034232439469634966,0.03409347656115841,2.036183786499953,2.027918117282431,0.5105396139854101,0.34408738290889695,0.06697061568740081
621439,"Buxton, Byron",0.038285715384095094,2.277277171228064,0.8905012279154577,0.8941308560178044,4.864340768878509,3821,2.0921083147856243,3,0.034232439469634966,0.03409347656115841,2.036183786499953,2.027918117282431,0.5098339476402023,0.34408738290889695,0.06736069420005468
621493,"Ward, Taylor",0.038285715384095094,2.277277171228064,0.8905012279154577,0.8941308560178044,4.864340768878509,4806,2.108695091032794,3,0.034232439469634966,0.03409347656115841,2.036183786499953,2.027918117282431,0.5092213504183026,0.34408738290889695,0.07589653954737303
621566,"Olson, Matt",0.038285715384095094,2.277277171228064,0.8905012279154577,0.8941308560178044,4.864340768878509,8759,2.0060925597321773,1,0.034232439469634966,0.03409347656115841,2.036183786499953,2.027918117282431,0.43060034854985574,0.3044490357863683,0.14291539736047626
622534,"Margot, Manuel",0.038285715384095094,2.277277171228064,0.8905012279154577,0.8941308560178044,4.864340768878509,4328,2.2792981888464787,3,0.034232439469634966,0.03409347656115841,2.036183786499953,2.027918117282431,0.5092213504183026,0.34408738290889695,0.06897284651098126
623993,"Santander, Anthony",0.038285715384095094,2.277277171228064,0.8905012279154577,0.8941308560178044,4.864340768878509,7194,2.054429751307632,1,0.034232439469634966,0.03409347656115841,2.036183786499953,2.027918117282431,0.43060034854985574,0.3044490357863683,0.14291539736047626
624413,"Alonso, Pete",0.038285715384095094,2.277277171228064,0.8905012279154577,0.8941308560178044,4.864340768878509,7372,2.078553668101959,2,0.034232439469634966,0.03409347656115841,2.036183786499953,2.027918117282431,0.5128062769968619,0.30421266009639486,0.16681253482813677
624424,"Conforto, Michael",0.038285715384095094,2.277277171228064,0.8905012279154577,0.8941308560178044,4.864340768878509,3882,2.2308859059072597,0,0.034232439469634966,0.03409347656115841,2.036183786499953,2.027918117282431,0.46362434176106737,0.3670906396043127,0.057489453559464596
624428,"Frazier, Adam",0.038285715384095094,2.277277171228064,0.8905012279154577,0.8941308560178044,4.864340768878509,6293,2.2098934599133235,1,0.034232439469634966,0.03409347656115841,2.036183786499953,2.027918117282431,0.43060034854985574,0.3044490357863683,0.14291539736047626
624503,"Gordon, Nick",0.038285715384095094,2.277277171228064,0.8905012279154577,0.8941308560178044,4.864340768878509,2640,2.225332261383398,1,0.034232439469634966,0.03409347656115841,2.036183786499953,2.027918117282431,0.43054595952299507,0.3044490357863683,0.14088949392347214
624585,"Soler, Jorge",0.038285715384095094,2.277277171228064,0.8905012279154577,0.8941308560178044,4.864340768878509,6004,2.0639909645281063,3,0.034232439469634966,0.03409347656115841,2.036183786499953,2.027918117282431,0.5088969719663452,0.3507658683362445,0.10642183616128528
624641,"Sosa, Edmundo",0.038285715384095094,2.277277171228064,0.8905012279154577,0.8941308560178044,4.864340768878509,2969,2.1937665873330014,3,0.034232439469634966,0.03409347656115841,2.036183786499953,2.027918117282431,0.5066342762535271,0.38472713149467674,0.07144280671170533
630105,"Cronenworth, Jake",0.038285715384095094,2.277277171228064,0.8905012279154577,0.8941308560178044,4.864340768878509,7160,2.081246814947932,0,0.034232439469634966,0.03409347656115841,2.036183786499953,2.027918117282431,0.4658063505720535,0.36403947480567467,0.06061522261811606
641343,"Bauers, Jake",0.038285715384095094,2.277277171228064,0.8905012279154577,0.8941308560178044,4.864340768878509,2391,2.2571994087050546,1,0.034232439469634966,0.03409347656115841,2.036183786499953,2.027918117282431,0.43054595952299507,0.3044490357863683,0.14088949392347214
641355,"Bellinger, Cody",0.038285715384095094,2.277277171228064,0.8905012279154577,0.8941308560178044,4.864340768878509,5889,2.1895415880410334,1,0.034232439469634966,0.03409347656115841,2.036183786499953,2.027918117282431,0.43060034854985574,0.3044490357863683,0.14291539736047626
641487,"Crawford, J.P.",0.038285715384095094,2.277277171228064,0.8905012279154577,0.8941308560178044,4.864340768878509,7897,2.255037747487412,1,0.034232439469634966,0.03409347656115841,2.036183786499953,2.027918117282431,0.43060034854985574,0.3044490357863683,0.14291539736047626
641584,"Fraley, Jake",0.038285715384095094,2.277277171228064,0.8905012279154577,0.8941308560178044,4.864340768878509,3564,2.2159307420039744,1,0.034232439469634966,0.03409347656115841,2.036183786499953,2.027918117282431,0.4293672971796073,0.3044490357863683,0.14088949392347214
641598,"Garver, Mitch",0.038285715384095094,2.277277171228064,0.8905012279154577,0.8941308560178044,4.864340768878509,3405,2.183309932847378,3,0.034232439469634966,0.03409347656115841,2.036183786499953,2.027918117282431,0.5064323715879666,0.34408738290889695,0.06697061568740081
641680,"Heim, Jonah",0.038285715384095094,2.277277171228064,0.8905012279154577,0.8941308560178044,4.864340768878509,4894,2.195614027597068,1,0.034232439469634966,0.03409347656115841,2.036183786499953,2.027918117282431,0.42691551686929946,0.3044490357863683,0.14088949392347214
641857,"McMahon, Ryan",0.038285715384095094,2.277277171228064,0.8905012279154577,0.8941308560178044,4.864340768878509,7689,2.039493273413484,0,0.034232439469634966,0.03409347656115841,2.036183786499953,2.027918117282431,0.4658063505720535,0.36403947480567467,0.06061522261811606
641933,"O'Neill, Tyler",0.038285715384095094,2.277277171228064,0.8905012279154577,0.8941308560178044,4.864340768878509,4706,2.0015550258166064,3,0.034232439469634966,0.03409347656115841,2.036183786499953,2.027918117282431,0.5092213504183026,0.34408738290889695,0.07133045750601669
642086,"Smith, Dominic",0.038285715384095094,2.277277171228064,0.8905012279154577,0.8941308560178044,4.864340768878509,4637,2.2321923799714334,1,0.034232439469634966,0.03409347656115841,2.036183786499953,2.027918117282431,0.42691551686929946,0.3044490357863683,0.14088949392347214
642133,"Tellez, Rowdy",0.038285715384095094,2.277277171228064,0.8905012279154577,0.8941308560178044,4.864340768878509,5161,2.1877165478066467,1,0.034232439469634966,0.03409347656115841,2.036183786499953,2.027918117282431,0.4284851955308317,0.3044490357863683,0.14088949392347214
642350,"Siri, Jose",0.038285715384095094,2.277277171228064,0.8905012279154577,0.8941308560178044,4.864340768878509,2804,2.2659485020843797,3,0.034232439469634966,0.03409347656115841,2.036183786499953,2.027918117282431,0.5035835523948349,0.3973563861417128,0.06668777928940185
642708,"Rosario, Amed",0.038285715384095094,2.277277171228064,0.8905012279154577,0.8941308560178044,4.864340768878509,6530,2.1328139726531763,2,0.034232439469634966,0.03409347656115841,2.036183786499953,2.027918117282431,0.5128062769968619,0.30421266009639486,0.16681253482813677
642715,"Adames, Willy",0.038285715384095094,2.277277171228064,0.8905012279154577,0.8941308560178044,4.864340768878509,7283,2.146760076396579,3,0.034232439469634966,0.03409347656115841,2.036183786499953,2.027918117282431,0.5088969719663452,0.3507658683362445,0.10642183616128528
642731,"Estrada, Thairo",0.038285715384095094,2.277277171228064,0.8905012279154577,0.8941308560178044,4.864340768878509,4382,2.2797459478626756,3,0.034232439469634966,0.03409347656115841,2.036183786499953,2.027918117282431,0.5092213504183026,0.34408738290889695,0.06897284651098126
643217,"Benintendi, Andrew",0.038285715384095094,2.277277171228064,0.8905012279154577,0.8941308560178044,4.864340768878509,6322,2.104884260788247,1,0.034232439469634966,0.03409347656115841,2.036183786499953,2.027918117282431,0.43060034854985574,0.3044490357863683,0.14291539736047626
643289,"Dubón, Mauricio",0.038285715384095094,2.277277171228064,0.8905012279154577,0.8941308560178044,4.864340768878509,3279,2.2126682645431637,2,0.034232439469634966,0.03409347656115841,2.036183786499953,2.027918117282431,0.5121883848643042,0.30421266009639486,0.16681253482813677
643376,"Jansen, Danny",0.038285715384095094,2.277277171228064,0.8905012279154577,0.8941308560178044,4.864340768878509,2951,2.2312529487788035,3,0.034232439469634966,0.03409347656115841,2.036183786499953,2.027918117282431,0.5066342762535271,0.38708516369319523,0.06668777928940185
643396,"Kiner-Falefa, Isiah",0.038285715384095094,2.277277171228064,0.8905012279154577,0.8941308560178044,4.864340768878509,5790,2.2349002122901087,3,0.034232439469634966,0.03409347656115841,2.036183786499953,2.027918117282431,0.5088969719663452,0.3507658683362445,0.10642183616128528
643446,"McNeil, Jeff",0.038285715384095094,2.277277171228064,0.8905012279154577,0.8941308560178044,4.864340768878509,5772,2.1294695251426017,0,0.034232439469634966,0.03409347656115841,2.036183786499953,2.027918117282431,0.4658063505720535,0.36403947480567467,0.06061522261811606
643565,"Tauchman, Mike",0.038285715384095094,2.277277171228064,0.8905012279154577,0.8941308560178044,4.864340768878509,2581,2.034364455983983,1,0.034232439469634966,0.03409347656115841,2.036183786499953,2.027918117282431,0.43054595952299507,0.3044490357863683,0.14088949392347214
645277,"Albies, Ozzie",0.038285715384095094,2.277277171228064,0.8905012279154577,0.8941308560178044,4.864340768878509,6198,2.0438914555202063,1,0.034232439469634966,0.03409347656115841,2.036183786499953,2.027918117282431,0.43060034854985574,0.3044490357863683,0.14291539736047626
645302,"Robles, Victor",0.038285715384095094,2.277277171228064,0.8905012279154577,0.8941308560178044,4.864340768878509,3273,2.0840128851357083,2,0.034232439469634966,0.03409347656115841,2.036183786499953,2.027918117282431,0.5121883848643042,0.30421266009639486,0.16681253482813677
646240,"Devers, Rafael",0.038285715384095094,2.277277171228064,0.8905012279154577,0.8941308560178044,4.864340768878509,7313,2.0643598430162875,0,0.034232439469634966,0.03409347656115841,2.036183786499953,2.027918117282431,0.4658063505720535,0.36403947480567467,0.06061522261811606
647304,"Naylor, Josh",0.038285715384095094,2.277277171228064,0.8905012279154577,0.8941308560178044,4.864340768878509,4291,2.272091629919059,0,0.034232439469634966,0.03409347656115841,2.036183786499953,2.027918117282431,0.46369119755302957,0.36403947480567467,0.06133451079262811
647351,"Toro, Abraham",0.038285715384095094,2.277277171228064,0.8905012279154577,0.8941308560178044,4.864340768878509,2911,2.469302782030367,1,0.034232439469634966,0.03409347656115841,2.036183786499953,2.027918117282431,0.43054595952299507,0.3044490357863683,0.14088949392347214
650333,"Arraez, Luis",0.038285715384095094,2.277277171228064,0.8905012279154577,0.8941308560178044,4.864340768878509,6549,2.1408338988847464,1,0.034232439469634966,0.03409347656115841,2.036183786499953,2.027918117282431,0.43060034854985574,0.3044490357863683,0.14291539736047626
650391,"Jiménez, Eloy",0.038285715384095094,2.277277171228064,0.8905012279154577,0.8941308560178044,4.864340768878509,3688,2.1407563220402155,2,0.034232439469634966,0.03409347656115841,2.036183786499953,2.027918117282431,0.510512081212884,0.30421266009639486,0.16681253482813677
650402,"Torres, Gleyber",0.038285715384095094,2.277277171228064,0.8905012279154577,0.8941308560178044,4.864340768878509,6951,2.284804120734203,2,0.034232439469634966,0.03409347656115841,2.036183786499953,2.027918117282431,0.5128062769968619,0.30421266009639486,0.16681253482813677
650489,"Castro, Willi",0.038285715384095094,2.277277171228064,0.8905012279154577,0.8941308560178044,4.864340768878509,4658,2.19409756492732,1,0.034232439469634966,0.03409347656115841,2.036183786499953,2.027918117282431,0.42691551686929946,0.3044490357863683,0.14088949392347214
650490,"Díaz, Yandy",0.038285715384095094,2.277277171228064,0.8905012279154577,0.8941308560178044,4.864340768878509,6545,2.214399537734144,3,0.034232439469634966,0.03409347656115841,2.036183786499953,2.027918117282431,0.5088969719663452,0.3507658683362445,0.10642183616128528
650559,"De La Cruz, Bryan",0.038285715384095094,2.277277171228064,0.8905012279154577,0.8941308560178044,4.864340768878509,4725,2.310086423069616,3,0.034232439469634966,0.03409347656115841,2.036183786499953,2.027918117282431,0.5092213504183026,0.34408738290889695,0.07133045750601669
650859,"Rengifo, Luis",0.038285715384095094,2.277277171228064,0.8905012279154577,0.8941308560178044,4.864340768878509,4235,2.2599623471111077,2,0.034232439469634966,0.03409347656115841,2.036183786499953,2.027918117282431,0.5089636804334344,0.30421266009639486,0.16681253482813677
656305,"Chapman, Matt",0.038285715384095094,2.277277171228064,0.8905012279154577,0.8941308560178044,4.864340768878509,7763,2.2058739339121756,3,0.034232439469634966,0.03409347656115841,2.036183786499953,2.027918117282431,0.5088969719663452,0.3507658683362445,0.10642183616128528
656555,"Hoskins, Rhys",0.038285715384095094,2.277277171228064,0.8905012279154577,0.8941308560178044,4.864340768878509,4783,2.0582407742558275,2,0.034232439469634966,0.03409347656115841,2.036183786499953,2.027918117282431,0.5091214453163055,0.30421266009639486,0.16681253482813677
656582,"Joe, Connor",0.038285715384095094,2.277277171228064,0.8905012279154577,0.8941308560178044,4.864340768878509,4701,2.0502624700454946,3,0.034232439469634966,0.03409347656115841,2.036183786499953,2.027918117282431,0.5092213504183026,0.34408738290889695,0.07133045750601669
656716,"McKinstry, Zach",0.038285715384095094,2.277277171228064,0.8905012279154577,0.8941308560178044,4.864340768878509,3614,2.0589516613866365,1,0.034232439469634966,0.03409347656115841,2.036183786499953,2.027918117282431,0.4293672971796073,0.3044490357863683,0.14088949392347214
656775,"Mullins, Cedric",0.038285715384095094,2.277277171228064,0.8905012279154577,0.8941308560178044,4.864340768878509,6830,2.081811906980282,1,0.034232439469634966,0.03409347656115841,2.036183786499953,2.027918117282431,0.43060034854985574,0.3044490357863683,0.14291539736047626
656811,"O'Hearn, Ryan",0.038285715384095094,2.277277171228064,0.8905012279154577,0.8941308560178044,4.864340768878509,2976,2.164113023046995,1,0.034232439469634966,0.03409347656115841,2.036183786499953,2.027918117282431,0.43054595952299507,0.3044490357863683,0.14088949392347214
656896,"Rivera, Emmanuel",0.038285715384095094,2.277277171228064,0.8905012279154577,0.8941308560178044,4.864340768878509,2826,2.093707357162771,3,0.034232439469634966,0.03409347656115841,2.036183786499953,2.027918117282431,0.5045999363783519,0.3973563861417128,0.06668777928940185
656941,"Schwarber, Kyle",0.038285715384095094,2.277277171228064,0.8905012279154577,0.8941308560178044,4.864340768878509,7932,1.9949899508984452,1,0.034232439469634966,0.03409347656115841,2.036183786499953,2.027918117282431,0.43060034854985574,0.3044490357863683,0.14291539736047626
657041,"Thomas, Lane",0.038285715384095094,2.277277171228064,0.8905012279154577,0.8941308560178044,4.864340768878509,5946,1.9872576665588777,2,0.034232439469634966,0.03409347656115841,2.036183786499953,2.027918117282431,0.5128062769968619,0.30421266009639486,0.16681253482813677
657077,"Verdugo, Alex",0.038285715384095094,2.277277171228064,0.8905012279154577,0.8941308560178044,4.864340768878509,7200,2.0962814196877924,0,0.034232439469634966,0.03409347656115841,2.036183786499953,2.027918117282431,0.4658063505720535,0.36403947480567467,0.06061522261811606
657136,"Wong, Connor",0.038285715384095094,2.277277171228064,0.8905012279154577,0.8941308560178044,4.864340768878509,1824,2.196742922647528,2,0.034232439469634966,0.03409347656115841,2.036183786499953,2.027918117282431,0.510279824083597,0.30421266009639486,0.16681253482813677
657557,"DeJong, Paul",0.038285715384095094,2.277277171228064,0.8905012279154577,0.8941308560178044,4.864340768878509,3979,2.222142905543257,3,0.034232439469634966,0.03409347656115841,2.036183786499953,2.027918117282431,0.5090635855354314,0.34408738290889695,0.06736069420005468
657656,"Laureano, Ramón",0.038285715384095094,2.277277171228064,0.8905012279154577,0.8941308560178044,4.864340768878509,4668,2.1528795600160713,3,0.034232439469634966,0.03409347656115841,2.036183786499953,2.027918117282431,0.5092213504183026,0.34408738290889695,0.0711537621860549
657757,"Sheets, Gavin",0.038285715384095094,2.277277171228064,0.8905012279154577,0.8941308560178044,4.864340768878509,3929,2.090039803186016,1,0.034232439469634966,0.03409347656115841,2.036183786499953,2.027918117282431,0.4268486610773373,0.3044490357863683,0.14088949392347214
660271,"Ohtani, Shohei",0.038285715384095094,2.277277171228064,0.8905012279154577,0.8941308560178044,4.864340768878509,7461,1.9639212826580077,1,0.034232439469634966,0.03409347656115841,2.036183786499953,2.027918117282431,0.43060034854985574,0.3044490357863683,0.14291539736047626
660644,"Bruján, Vidal",0.038285715384095094,2.277277171228064,0.8905012279154577,0.8941308560178044,4.864340768878509,1011,2.3633994618415985,1,0.034232439469634966,0.03409347656115841,2.036183786499953,2.027918117282431,0.4304554331852111,0.3044490357863683,0.14039758827224358
660688,"Ruiz, Keibert",0.038285715384095094,2.277277171228064,0.8905012279154577,0.8941308560178044,4.864340768878509,3732,2.1474312172758836,1,0.034232439469634966,0.03409347656115841,2.036183786499953,2.027918117282431,0.4278562864780615,0.3044490357863683,0.14088949392347214
660821,"Sánchez, Jesús",0.038285715384095094,2.277277171228064,0.8905012279154577,0.8941308560178044,4.864340768878509,4037,2.3260971521100258,1,0.034232439469634966,0.03409347656115841,2.036183786499953,2.027918117282431,0.4268486610773373,0.3044490357863683,0.14088949392347214
661388,"Contreras, William",0.038285715384095094,2.277277171228064,0.8905012279154577,0.8941308560178044,4.864340768878509,4673,2.1793064696968223,3,0.034232439469634966,0.03409347656115841,2.036183786499953,2.027918117282431,0.5092213504183026,0.34408738290889695,0.07133045750601669
662139,"Varsho, Daulton",0.038285715384095094,2.277277171228064,0.8905012279154577,0.8941308560178044,4.864340768878509,5854,2.275269844662819,1,0.034232439469634966,0.03409347656115841,2.036183786499953,2.027918117282431,0.43060034854985574,0.3044490357863683,0.14291539736047626
663368,"Perkins, Blake",0.038285715384095094,2.277277171228064,0.8905012279154577,0.8941308560178044,4.864340768878509,725,2.284337766583203,1,0.034232439469634966,0.03409347656115841,2.036183786499953,2.027918117282431,0.4373195737348269,0.3044490357863683,0.14039758827224358
663457,"Nootbaar, Lars",0.038285715384095094,2.277277171228064,0.8905012279154577,0.8941308560178044,4.864340768878509,3935,2.2049135479091007,0,0.034232439469634966,0.03409347656115841,2.036183786499953,2.027918117282431,0.46362434176106737,0.3670906396043127,0.07150482435549042
663527,"Nevin, Tyler",0.038285715384095094,2.277277171228064,0.8905012279154577,0.8941308560178044,4.864340768878509,1340,2.235826207374715,2,0.034232439469634966,0.03409347656115841,2.036183786499953,2.027918117282431,0.510279824083597,0.30421266009639486,0.1665452237403507
663538,"Hoerner, Nico",0.038285715384095094,2.277277171228064,0.8905012279154577,0.8941308560178044,4.864340768878509,5020,2.126290503480713,3,0.034232439469634966,0.03409347656115841,2.036183786499953,2.027918117282431,0.5136405866019588,0.3457845949280049,0.07669892102630667
663586,"Riley, Austin",0.038285715384095094,2.277277171228064,0.8905012279154577,0.8941308560178044,4.864340768878509,8097,2.0204869102414005,3,0.034232439469634966,0.03409347656115841,2.036183786499953,2.027918117282431,0.5088969719663452,0.3507658683362445,0.10642183616128528
663616,"Larnach, Trevor",0.038285715384095094,2.277277171228064,0.8905012279154577,0.8941308560178044,4.864340768878509,2850,2.1881610582400057,1,0.034232439469634966,0.03409347656115841,2.036183786499953,2.027918117282431,0.43054595952299507,0.3044490357863683,0.14088949392347214
663624,"Mountcastle, Ryan",0.038285715384095094,2.277277171228064,0.8905012279154577,0.8941308560178044,4.864340768878509,6378,2.0939415883916053,3,0.034232439469634966,0.03409347656115841,2.036183786499953,2.027918117282431,0.5088969719663452,0.3507658683362445,0.10642183616128528
663647,"Hayes, Ke'Bryan",0.038285715384095094,2.277277171228064,0.8905012279154577,0.8941308560178044,4.864340768878509,5688,2.1378362836959885,3,0.034232439469634966,0.03409347656115841,2.036183786499953,2.027918117282431,0.5088969719663452,0.3507658683362445,0.10999326473271387
663656,"Tucker, Kyle",0.038285715384095094,2.277277171228064,0.8905012279154577,0.8941308560178044,4.864340768878509,7012,2.101275981586206,1,0.034232439469634966,0.03409347656115841,2.036183786499953,2.027918117282431,0.43060034854985574,0.3044490357863683,0.14291539736047626
663697,"India, Jonathan",0.038285715384095094,2.277277171228064,0.8905012279154577,0.8941308560178044,4.864340768878509,6581,2.1766612585105216,3,0.034232439469634966,0.03409347656115841,2.036183786499953,2.027918117282431,0.5088969719663452,0.3507658683362445,0.10642183616128528
663698,"Bart, Joey",0.038285715384095094,2.277277171228064,0.8905012279154577,0.8941308560178044,4.864340768878509,1532,2.119344602308049,2,0.034232439469634966,0.03409347656115841,2.036183786499953,2.027918117282431,0.510279824083597,0.30421266009639486,0.16681253482813677
663728,"Raleigh, Cal",0.038285715384095094,2.277277171228064,0.8905012279154577,0.8941308560178044,4.864340768878509,4548,2.372873612632848,2,0.034232439469634966,0.03409347656115841,2.036183786499953,2.027918117282431,0.5091214453163055,0.30421266009639486,0.16681253482813677
663743,"Fortes, Nick",0.038285715384095094,2.277277171228064,0.8905012279154577,0.8941308560178044,4.864340768878509,2112,2.410321500201806,3,0.034232439469634966,0.03409347656115841,2.036183786499953,2.027918117282431,0.4910751630971315,0.42116039751630047,0.06668777928940185
663837,"Vierling, Matt",0.038285715384095094,2.277277171228064,0.8905012279154577,0.8941308560178044,4.864340768878509,3837,2.171842544418776,2,0.034232439469634966,0.03409347656115841,2.036183786499953,2.027918117282431,0.5090010705113382,0.30421266009639486,0.16681253482813677
663886,"Stephenson, Tyler",0.038285715384095094,2.277277171228064,0.8905012279154577,0.8941308560178044,4.864340768878509,4360,2.270941566640771,3,0.034232439469634966,0.03409347656115841,2.036183786499953,2.027918117282431,0.5092213504183026,0.34408738290889695,0.06897284651098126
663898,"Rodgers, Brendan",0.038285715384095094,2.277277171228064,0.8905012279154577,0.8941308560178044,4.864340768878509,4321,2.2012661166907868,3,0.034232439469634966,0.03409347656115841,2.036183786499953,2.027918117282431,0.5092213504183026,0.34408738290889695,0.06897284651098126
663993,"Lowe, Nathaniel",0.038285715384095094,2.277277171228064,0.8905012279154577,0.8941308560178044,4.864340768878509,8260,2.100571957972079,1,0.034232439469634966,0.03409347656115841,2.036183786499953,2.027918117282431,0.43060034854985574,0.3044490357863683,0.14291539736047626
664023,"Happ, Ian",0.038285715384095094,2.277277171228064,0.8905012279154577,0.8941308560178044,4.864340768878509,7684,2.054059669945621,1,0.034232439469634966,0.03409347656115841,2.036183786499953,2.027918117282431,0.43060034854985574,0.3044490357863683,0.14291539736047626
664034,"France, Ty",0.038285715384095094,2.277277171228064,0.8905012279154577,0.8941308560178044,4.864340768878509,7030,2.2111281084965295,3,0.034232439469634966,0.03409347656115841,2.036183786499953,2.027918117282431,0.5088969719663452,0.3507658683362445,0.10642183616128528
664040,"Lowe, Brandon",0.038285715384095094,2.277277171228064,0.8905012279154577,0.8941308560178044,4.864340768878509,5061,2.22410940669684,1,0.034232439469634966,0.03409347656115841,2.036183786499953,2.027918117282431,0.4284851955308317,0.3044490357863683,0.14088949392347214
664056,"Bader, Harrison",0.038285715384095094,2.277277171228064,0.8905012279154577,0.8941308560178044,4.864340768878509,4011,2.1585121317918623,3,0.034232439469634966,0.03409347656115841,2.036183786499953,2.027918117282431,0.5090635855354314,0.34408738290889695,0.06736069420005468
664238,"Moore, Dylan",0.038285715384095094,2.277277171228064,0.8905012279154577,0.8941308560178044,4.864340768878509,3423,2.3091636177306643,3,0.034232439469634966,0.03409347656115841,2.036183786499953,2.027918117282431,0.5064323715879666,0.34408738290889695,0.06697061568740081
664728,"Isbel, Kyle",0.038285715384095094,2.277277171228064,0.8905012279154577,0.8941308560178044,4.864340768878509,2522,2.224849900077894,1,0.034232439469634966,0.03409347656115841,2.036183786499953,2.027918117282431,0.43054595952299507,0.3044490357863683,0.14088949392347214
664761,"Bohm, Alec",0.038285715384095094,2.277277171228064,0.8905012279154577,0.8941308560178044,4.864340768878509,6226,2.1381088184934955,2,0.034232439469634966,0.03409347656115841,2.036183786499953,2.027918117282431,0.5128062769968619,0.30421266009639486,0.16681253482813677
664774,"Wade Jr., LaMonte",0.038285715384095094,2.277277171228064,0.8905012279154577,0.8941308560178044,4.864340768878509,4659,2.1509986686419396,1,0.034232439469634966,0.03409347656115841,2.036183786499953,2.027918117282431,0.42691551686929946,0.3044490357863683,0.14088949392347214
664913,"Brown, Seth",0.038285715384095094,2.277277171228064,0.8905012279154577,0.8941308560178044,4.864340768878509,4858,2.144071323671982,1,0.034232439469634966,0.03409347656115841,2.036183786499953,2.027918117282431,0.42691551686929946,0.3044490357863683,0.14088949392347214
664983,"McCarthy, Jake",0.038285715384095094,2.277277171228064,0.8905012279154577,0.8941308560178044,4.864340768878509,2670,2.2045244019401324,1,0.034232439469634966,0.03409347656115841,2.036183786499953,2.027918117282431,0.43054595952299507,0.3044490357863683,0.14088949392347214
665161,"Peña, Jeremy",0.038285715384095094,2.277277171228064,0.8905012279154577,0.8941308560178044,4.864340768878509,4303,2.1050322419124625,3,0.034232439469634966,0.03409347656115841,2.036183786499953,2.027918117282431,0.5092213504183026,0.34408738290889695,0.06809286585449581
665487,"Tatis Jr., Fernando",0.038285715384095094,2.277277171228064,0.8905012279154577,0.8941308560178044,4.864340768878509,4476,2.0466054009787253,2,0.034232439469634966,0.03409347656115841,2.036183786499953,2.027918117282431,0.5091214453163055,0.30421266009639486,0.16681253482813677
665489,"Guerrero Jr., Vladimir",0.038285715384095094,2.277277171228064,0.8905012279154577,0.8941308560178044,4.864340768878509,7546,2.025844649262588,3,0.034232439469634966,0.03409347656115841,2.036183786499953,2.027918117282431,0.5088969719663452,0.3507658683362445,0.10642183616128528
665742,"Soto, Juan",0.038285715384095094,2.277277171228064,0.8905012279154577,0.8941308560178044,4.864340768878509,8263,1.9282840876434926,0,0.034232439469634966,0.03409347656115841,2.036183786499953,2.027918117282431,0.4658063505720535,0.36403947480567467,0.06061522261811606
665750,"Taveras, Leody",0.038285715384095094,2.277277171228064,0.8905012279154577,0.8941308560178044,4.864340768878509,4089,2.143161677185889,1,0.034232439469634966,0.03409347656115841,2.036183786499953,2.027918117282431,0.4268486610773373,0.3044490357863683,0.14088949392347214
665804,"Amaya, Miguel",0.038285715384095094,2.277277171228064,0.8905012279154577,0.8941308560178044,4.864340768878509,624,2.0550577627500703,2,0.034232439469634966,0.03409347656115841,2.036183786499953,2.027918117282431,0.5119769626528181,0.30421266009639486,0.16522500449453542
665828,"Cabrera, Oswaldo",0.038285715384095094,2.277277171228064,0.8905012279154577,0.8941308560178044,4.864340768878509,1937,2.508670859342,1,0.034232439469634966,0.03409347656115841,2.036183786499953,2.027918117282431,0.4295330992133082,0.3044490357863683,0.14088949392347214
665833,"Cruz, Oneil",0.038285715384095094,2.277277171228064,0.8905012279154577,0.8941308560178044,4.864340768878509,1654,2.416402889615778,1,0.034232439469634966,0.03409347656115841,2.036183786499953,2.027918117282431,0.4304554331852111,0.3044490357863683,0.14039758827224358
665862,"Chisholm Jr., Jazz",0.038285715384095094,2.277277171228064,0.8905012279154577,0.8941308560178044,4.864340768878509,4535,2.2023301976719836,1,0.034232439469634966,0.03409347656115841,2.036183786499953,2.027918117282431,0.42691551686929946,0.3044490357863683,0.14088949392347214
665926,"Giménez, Andrés",0.038285715384095094,2.277277171228064,0.8905012279154577,0.8941308560178044,4.864340768878509,5209,2.380159241487768,0,0.034232439469634966,0.03409347656115841,2.036183786499953,2.027918117282431,0.46153284629854924,0.36403947480567467,0.06061522261811606
666023,"Fermin, Freddy",0.038285715384095094,2.277277171228064,0.8905012279154577,0.8941308560178044,4.864340768878509,945,2.2612871549379485,3,0.034232439469634966,0.03409347656115841,2.036183786499953,2.027918117282431,0.4906559869124914,0.4229012050674641,0.06236466235991915
666134,"Jones, Nolan",0.038285715384095094,2.277277171228064,0.8905012279154577,0.8941308560178044,4.864340768878509,2208,2.0260583966154617,1,0.034232439469634966,0.03409347656115841,2.036183786499953,2.027918117282431,0.43054595952299507,0.3044490357863683,0.14088949392347214
666139,"Lowe, Josh",0.038285715384095094,2.277277171228064,0.8905012279154577,0.8941308560178044,4.864340768878509,2898,2.2313323638634195,1,0.034232439469634966,0.03409347656115841,2.036183786499953,2.027918117282431,0.43054595952299507,0.3044490357863683,0.14088949392347214
666149,"Fitzgerald, Tyler",0.038285715384095094,2.277277171228064,0.8905012279154577,0.8941308560178044,4.864340768878509,147,3.2391156462585036,3,0.034232439469634966,0.03409347656115841,2.036183786499953,2.027918117282431,0.4878488228512052,0.4238125256119084,0.06326467545656113
666152,"Hamilton, David",0.038285715384095094,2.277277171228064,0.8905012279154577,0.8941308560178044,4.864340768878509,160,2.080238095238095,1,0.034232439469634966,0.03409347656115841,2.036183786499953,2.027918117282431,0.43994547001200796,0.3044490357863683,0.14039758827224358
666158,"Lux, Gavin",0.038285715384095094,2.277277171228064,0.8905012279154577,0.8941308560178044,4.864340768878509,3285,2.1779641147046465,1,0.034232439469634966,0.03409347656115841,2.036183786499953,2.027918117282431,0.43054595952299507,0.3044490357863683,0.14088949392347214
666160,"Moniak, Mickey",0.038285715384095094,2.277277171228064,0.8905012279154577,0.8941308560178044,4.864340768878509,1707,2.056250102600579,1,0.034232439469634966,0.03409347656115841,2.036183786499953,2.027918117282431,0.4304554331852111,0.3044490357863683,0.14039758827224358
666163,"Rortvedt, Ben",0.038285715384095094,2.277277171228064,0.8905012279154577,0.8941308560178044,4.864340768878509,708,2.0369206476198,1,0.034232439469634966,0.03409347656115841,2.036183786499953,2.027918117282431,0.4373195737348269,0.3044490357863683,0.14039758827224358
666176,"Adell, Jo",0.038285715384095094,2.277277171228064,0.8905012279154577,0.8941308560178044,4.864340768878509,2005,2.0526621632731357,3,0.034232439469634966,0.03409347656115841,2.036183786499953,2.027918117282431,0.4910751630971315,0.4216911745410195,0.06668777928940185
666181,"Benson, Will",0.038285715384095094,2.277277171228064,0.8905012279154577,0.8941308560178044,4.864340768878509,1597,2.3272846665614355,1,0.034232439469634966,0.03409347656115841,2.036183786499953,2.027918117282431,0.4304554331852111,0.3044490357863683,0.14039758827224358
666182,"Bichette, Bo",0.038285715384095094,2.277277171228064,0.8905012279154577,0.8941308560178044,4.864340768878509,7356,2.0762675491902973,3,0.034232439469634966,0.03409347656115841,2.036183786499953,2.027918117282431,0.5088969719663452,0.3507658683362445,0.10642183616128528
666185,"Carlson, Dylan",0.038285715384095094,2.277277171228064,0.8905012279154577,0.8941308560178044,4.864340768878509,5541,1.966325412941547,1,0.034232439469634966,0.03409347656115841,2.036183786499953,2.027918117282431,0.43060034854985574,0.3044490357863683,0.14291539736047626
666310,"Naylor, Bo",0.038285715384095094,2.277277171228064,0.8905012279154577,0.8941308560178044,4.864340768878509,1048,2.248274106213599,1,0.034232439469634966,0.03409347656115841,2.036183786499953,2.027918117282431,0.4304554331852111,0.3044490357863683,0.14039758827224358
666397,"Julien, Edouard",0.038285715384095094,2.277277171228064,0.8905012279154577,0.8941308560178044,4.864340768878509,1727,2.007086977874471,1,0.034232439469634966,0.03409347656115841,2.036183786499953,2.027918117282431,0.4304554331852111,0.3044490357863683,0.14039758827224358
666624,"Morel, Christopher",0.038285715384095094,2.277277171228064,0.8905012279154577,0.8941308560178044,4.864340768878509,3303,2.1994672679391116,3,0.034232439469634966,0.03409347656115841,2.036183786499953,2.027918117282431,0.5064323715879666,0.34506058901600567,0.06678746690588008
666969,"García, Adolis",0.038285715384095094,2.277277171228064,0.8905012279154577,0.8941308560178044,4.864340768878509,7607,2.117559243555037,2,0.034232439469634966,0.03409347656115841,2.036183786499953,2.027918117282431,0.5128062769968619,0.30421266009639486,0.16681253482813677
666971,"Gurriel Jr., Lourdes",0.038285715384095094,2.277277171228064,0.8905012279154577,0.8941308560178044,4.864340768878509,6140,2.165803115376653,3,0.034232439469634966,0.03409347656115841,2.036183786499953,2.027918117282431,0.5088969719663452,0.3507658683362445,0.10642183616128528
667670,"Rooker, Brent",0.038285715384095094,2.277277171228064,0.8905012279154577,0.8941308560178044,4.864340768878509,3108,2.025473062973063,3,0.034232439469634966,0.03409347656115841,2.036183786499953,2.027918117282431,0.5064323715879666,0.3717174713500051,0.06678746690588008
668227,"Arozarena, Randy",0.038285715384095094,2.277277171228064,0.8905012279154577,0.8941308560178044,4.864340768878509,7685,2.179940608992076,3,0.034232439469634966,0.03409347656115841,2.036183786499953,2.027918117282431,0.5088969719663452,0.3507658683362445,0.10642183616128528
668670,"Rogers, Jake",0.038285715384095094,2.277277171228064,0.8905012279154577,0.8941308560178044,4.864340768878509,1993,2.2269381633029397,3,0.034232439469634966,0.03409347656115841,2.036183786499953,2.027918117282431,0.4910751630971315,0.4216911745410195,0.06668777928940185
668709,"Bleday, JJ",0.038285715384095094,2.277277171228064,0.8905012279154577,0.8941308560178044,4.864340768878509,2242,2.295399145655613,1,0.034232439469634966,0.03409347656115841,2.036183786499953,2.027918117282431,0.43054595952299507,0.3044490357863683,0.14088949392347214
668715,"Steer, Spencer",0.038285715384095094,2.277277171228064,0.8905012279154577,0.8941308560178044,4.864340768878509,3112,2.293191745593738,2,0.034232439469634966,0.03409347656115841,2.036183786499953,2.027918117282431,0.5121883848643042,0.30421266009639486,0.16681253482813677
668804,"Reynolds, Bryan",0.038285715384095094,2.277277171228064,0.8905012279154577,0.8941308560178044,4.864340768878509,7320,2.023398212492354,1,0.034232439469634966,0.03409347656115841,2.036183786499953,2.027918117282431,0.43060034854985574,0.3044490357863683,0.14291539736047626
668901,"Vientos, Mark",0.038285715384095094,2.277277171228064,0.8905012279154577,0.8941308560178044,4.864340768878509,1030,2.244667155078499,2,0.034232439469634966,0.03409347656115841,2.036183786499953,2.027918117282431,0.510279824083597,0.30421266009639486,0.16522500449453542
668904,"Lewis, Royce",0.038285715384095094,2.277277171228064,0.8905012279154577,0.8941308560178044,4.864340768878509,1047,2.4435253407316444,2,0.034232439469634966,0.03409347656115841,2.036183786499953,2.027918117282431,0.510279824083597,0.30421266009639486,0.16522500449453542
668930,"Turang, Brice",0.038285715384095094,2.277277171228064,0.8905012279154577,0.8941308560178044,4.864340768878509,1795,2.353745809873124,1,0.034232439469634966,0.03409347656115841,2.036183786499953,2.027918117282431,0.4304554331852111,0.3044490357863683,0.14039758827224358
668939,"Rutschman, Adley",0.038285715384095094,2.277277171228064,0.8905012279154577,0.8941308560178044,4.864340768878509,4913,2.060976760986938,2,0.034232439469634966,0.03409347656115841,2.036183786499953,2.027918117282431,0.5091214453163055,0.30421266009639486,0.16681253482813677
668942,"Rojas, Josh",0.038285715384095094,2.277277171228064,0.8905012279154577,0.8941308560178044,4.864340768878509,5699,2.1142578159740615,1,0.034232439469634966,0.03409347656115841,2.036183786499953,2.027918117282431,0.43060034854985574,0.3044490357863683,0.14291539736047626
669004,"Melendez, MJ",0.038285715384095094,2.277277171228064,0.8905012279154577,0.8941308560178044,4.864340768878509,4636,2.0201791084718175,1,0.034232439469634966,0.03409347656115841,2.036183786499953,2.027918117282431,0.42691551686929946,0.3044490357863683,0.14088949392347214
669016,"Marsh, Brandon",0.038285715384095094,2.277277171228064,0.8905012279154577,0.8941308560178044,4.864340768878509,4864,2.0533518176815875,1,0.034232439469634966,0.03409347656115841,2.036183786499953,2.027918117282431,0.42691551686929946,0.3044490357863683,0.14088949392347214
669127,"Langeliers, Shea",0.038285715384095094,2.277277171228064,0.8905012279154577,0.8941308560178044,4.864340768878509,2504,2.201693802846958,3,0.034232439469634966,0.03409347656115841,2.036183786499953,2.027918117282431,0.49835419925359814,0.4037940446347864,0.06668777928940185
669134,"Campusano, Luis",0.038285715384095094,2.277277171228064,0.8905012279154577,0.8941308560178044,4.864340768878509,903,1.9862309217790945,3,0.034232439469634966,0.03409347656115841,2.036183786499953,2.027918117282431,0.4906559869124914,0.4229012050674641,0.06236466235991915
669221,"Murphy, Sean",0.038285715384095094,2.277277171228064,0.8905012279154577,0.8941308560178044,4.864340768878509,5814,2.1016187363452583,3,0.034232439469634966,0.03409347656115841,2.036183786499953,2.027918117282431,0.5088969719663452,0.3507658683362445,0.10642183616128528
669222,"Senzel, Nick",0.038285715384095094,2.277277171228064,0.8905012279154577,0.8941308560178044,4.864340768878509,3079,2.233998960423936,3,0.034232439469634966,0.03409347656115841,2.036183786499953,2.027918117282431,0.5064323715879666,0.3815392516766493,0.06678746690588008
669224,"Wells, Austin",0.038285715384095094,2.277277171228064,0.8905012279154577,0.8941308560178044,4.864340768878509,296,2.257791842166842,1,0.034232439469634966,0.03409347656115841,2.036183786499953,2.027918117282431,0.4384029366523754,0.3044490357863683,0.14039758827224358
669257,"Smith, Will",0.038285715384095094,2.277277171228064,0.8905012279154577,0.8941308560178044,4.864340768878509,6745,2.1691516516182934,3,0.034232439469634966,0.03409347656115841,2.036183786499953,2.027918117282431,0.5088969719663452,0.3507658683362445,0.10642183616128528
669261,"Suwinski, Jack",0.038285715384095094,2.277277171228064,0.8905012279154577,0.8941308560178044,4.864340768878509,3853,2.155855047373116,1,0.034232439469634966,0.03409347656115841,2.036183786499953,2.027918117282431,0.4268860511552412,0.3044490357863683,0.14088949392347214
669289,"Espinal, Santiago",0.038285715384095094,2.277277171228064,0.8905012279154577,0.8941308560178044,4.864340768878509,3813,2.283476834255064,2,0.034232439469634966,0.03409347656115841,2.036183786499953,2.027918117282431,0.5090010705113382,0.30421266009639486,0.16681253482813677
669304,"Miranda, Jose",0.038285715384095094,2.277277171228064,0.8905012279154577,0.8941308560178044,4.864340768878509,2357,2.229522634062303,3,0.034232439469634966,0.03409347656115841,2.036183786499953,2.027918117282431,0.4927111478751322,0.4062166901867254,0.06668777928940185
669357,"Gorman, Nolan",0.038285715384095094,2.277277171228064,0.8905012279154577,0.8941308560178044,4.864340768878509,3206,2.2451612512046077,1,0.034232439469634966,0.03409347656115841,2.036183786499953,2.027918117282431,0.43054595952299507,0.3044490357863683,0.14088949392347214
669364,"Edwards, Xavier",0.038285715384095094,2.277277171228064,0.8905012279154577,0.8941308560178044,4.864340768878509,298,2.4549012700463546,1,0.034232439469634966,0.03409347656115841,2.036183786499953,2.027918117282431,0.4384029366523754,0.3044490357863683,0.14039758827224358
669394,"Burger, Jake",0.038285715384095094,2.277277171228064,0.8905012279154577,0.8941308560178044,4.864340768878509,2912,2.268682769077687,3,0.034232439469634966,0.03409347656115841,2.036183786499953,2.027918117282431,0.504350460987834,0.3973563861417128,0.06668777928940185
669701,"Smith, Josh",0.038285715384095094,2.277277171228064,0.8905012279154577,0.8941308560178044,4.864340768878509,2025,2.1779934660675404,1,0.034232439469634966,0.03409347656115841,2.036183786499953,2.027918117282431,0.4304554331852111,0.3044490357863683,0.14088949392347214
669707,"Triolo, Jared",0.038285715384095094,2.277277171228064,0.8905012279154577,0.8941308560178044,4.864340768878509,839,2.3393018814055764,2,0.034232439469634966,0.03409347656115841,2.036183786499953,2.027918117282431,0.5106381468803293,0.30421266009639486,0.16522500449453542
669911,"Toglia, Michael",0.038285715384095094,2.277277171228064,0.8905012279154577,0.8941308560178044,4.864340768878509,1058,2.335722332697758,2,0.034232439469634966,0.03409347656115841,2.036183786499953,2.027918117282431,0.510279824083597,0.30421266009639486,0.16522500449453542
670032,"Lopez, Nicky",0.038285715384095094,2.277277171228064,0.8905012279154577,0.8941308560178044,4.864340768878509,4910,2.1572925171117636,0,0.034232439469634966,0.03409347656115841,2.036183786499953,2.027918117282431,0.46369119755302957,0.36403947480567467,0.06061522261811606
670042,"Raley, Luke",0.038285715384095094,2.277277171228064,0.8905012279154577,0.8941308560178044,4.864340768878509,2098,2.241557564615239,0,0.034232439469634966,0.03409347656115841,2.036183786499953,2.027918117282431,0.46546174817681396,0.37197291026249546,0.045975401644392754
670242,"Wallner, Matt",0.038285715384095094,2.277277171228064,0.8905012279154577,0.8941308560178044,4.864340768878509,1303,2.2944047286813976,0,0.034232439469634966,0.03409347656115841,2.036183786499953,2.027918117282431,0.46546174817681396,0.37218541914953945,0.04676319132532928
670541,"Alvarez, Yordan",0.038285715384095094,2.277277171228064,0.8905012279154577,0.8941308560178044,4.864340768878509,6500,1.9903504316196625,1,0.034232439469634966,0.03409347656115841,2.036183786499953,2.027918117282431,0.43060034854985574,0.3044490357863683,0.14291539736047626
670623,"Paredes, Isaac",0.038285715384095094,2.277277171228064,0.8905012279154577,0.8941308560178044,4.864340768878509,4361,2.239973708730537,2,0.034232439469634966,0.03409347656115841,2.036183786499953,2.027918117282431,0.5091214453163055,0.30421266009639486,0.16681253482813677
670764,"Walls, Taylor",0.038285715384095094,2.277277171228064,0.8905012279154577,0.8941308560178044,4.864340768878509,4053,2.3308574180705937,2,0.034232439469634966,0.03409347656115841,2.036183786499953,2.027918117282431,0.5089636804334344,0.30421266009639486,0.16681253482813677
670770,"Friedl, TJ",0.038285715384095094,2.277277171228064,0.8905012279154577,0.8941308560178044,4.864340768878509,3326,2.1203667611702786,1,0.034232439469634966,0.03409347656115841,2.036183786499953,2.027918117282431,0.43054595952299507,0.3044490357863683,0.14088949392347214
671056,"Herrera, Iván",0.038285715384095094,2.277277171228064,0.8905012279154577,0.8941308560178044,4.864340768878509,298,2.3113118238957164,3,0.034232439469634966,0.03409347656115841,2.036183786499953,2.027918117282431,0.4911082329464058,0.42251812837483377,0.06288435366778847
671218,"Ramos, Heliot",0.038285715384095094,2.277277171228064,0.8905012279154577,0.8941308560178044,4.864340768878509,323,2.305814782053172,2,0.034232439469634966,0.03409347656115841,2.036183786499953,2.027918117282431,0.5119769626528181,0.30421266009639486,0.16522500449453542
671277,"García Jr., Luis",0.038285715384095094,2.277277171228064,0.8905012279154577,0.8941308560178044,4.864340768878509,3869,2.0355522327963524,1,0.034232439469634966,0.03409347656115841,2.036183786499953,2.027918117282431,0.4268486610773373,0.3044490357863683,0.14088949392347214
671289,"Freeman, Tyler",0.038285715384095094,2.277277171228064,0.8905012279154577,0.8941308560178044,4.864340768878509,977,2.266129972040924,2,0.034232439469634966,0.03409347656115841,2.036183786499953,2.027918117282431,0.510279824083597,0.30421266009639486,0.16522500449453542
671732,"Butler, Lawrence",0.038285715384095094,2.277277171228064,0.8905012279154577,0.8941308560178044,4.864340768878509,500,2.1678277777777777,1,0.034232439469634966,0.03409347656115841,2.036183786499953,2.027918117282431,0.4384029366523754,0.3044490357863683,0.14039758827224358
671739,"Harris II, Michael",0.038285715384095094,2.277277171228064,0.8905012279154577,0.8941308560178044,4.864340768878509,3609,2.147723742653086,1,0.034232439469634966,0.03409347656115841,2.036183786499953,2.027918117282431,0.4293672971796073,0.3044490357863683,0.14088949392347214
672275,"Bailey, Patrick",0.038285715384095094,2.277277171228064,0.8905012279154577,0.8941308560178044,4.864340768878509,1411,2.397611660722929,2,0.034232439469634966,0.03409347656115841,2.036183786499953,2.027918117282431,0.510279824083597,0.30421266009639486,0.16681253482813677
672279,"Siani, Michael",0.038285715384095094,2.277277171228064,0.8905012279154577,0.8941308560178044,4.864340768878509,127,1.8191862599342914,1,0.034232439469634966,0.03409347656115841,2.036183786499953,2.027918117282431,0.44255243730771243,0.3044490357863683,0.14039758827224358
672284,"Kelenic, Jarred",0.038285715384095094,2.277277171228064,0.8905012279154577,0.8941308560178044,4.864340768878509,3840,2.3457270145942024,1,0.034232439469634966,0.03409347656115841,2.036183786499953,2.027918117282431,0.4268860511552412,0.3044490357863683,0.14088949392347214
672386,"Kirk, Alejandro",0.038285715384095094,2.277277171228064,0.8905012279154577,0.8941308560178044,4.864340768878509,4673,2.3780125650562813,3,0.034232439469634966,0.03409347656115841,2.036183786499953,2.027918117282431,0.5092213504183026,0.34408738290889695,0.07133045750601669
672515,"Moreno, Gabriel",0.038285715384095094,2.277277171228064,0.8905012279154577,0.8941308560178044,4.864340768878509,1809,2.2461002267801606,3,0.034232439469634966,0.03409347656115841,2.036183786499953,2.027918117282431,0.4907233933789755,0.42201047911041734,0.06595998536625297
672580,"Garcia, Maikel",0.038285715384095094,2.277277171228064,0.8905012279154577,0.8941308560178044,4.864340768878509,2082,2.021299969642909,3,0.034232439469634966,0.03409347656115841,2.036183786499953,2.027918117282431,0.4910751630971315,0.42116039751630047,0.06668777928940185
672640,"Lopez, Otto",0.038285715384095094,2.277277171228064,0.8905012279154577,0.8941308560178044,4.864340768878509,42,2.125481859410431,3,0.034232439469634966,0.03409347656115841,2.036183786499953,2.027918117282431,0.49469386433335083,0.42251812837483377,0.06315463997977667
672695,"Perdomo, Geraldo",0.038285715384095094,2.277277171228064,0.8905012279154577,0.8941308560178044,4.864340768878509,4254,2.2874176227314447,2,0.034232439469634966,0.03409347656115841,2.036183786499953,2.027918117282431,0.5066705362253966,0.30421266009639486,0.16681253482813677
672820,"Sosa, Lenyn",0.038285715384095094,2.277277171228064,0.8905012279154577,0.8941308560178044,4.864340768878509,764,2.24951247124022,3,0.034232439469634966,0.03409347656115841,2.036183786499953,2.027918117282431,0.49043047303919324,0.4229012050674641,0.06219175366881901
673237,"Diaz, Yainer",0.038285715384095094,2.277277171228064,0.8905012279154577,0.8941308560178044,4.864340768878509,1329,2.1770510903693747,2,0.034232439469634966,0.03409347656115841,2.036183786499953,2.027918117282431,0.510279824083597,0.30421266009639486,0.1665452237403507
673357,"Robert Jr., Luis",0.038285715384095094,2.277277171228064,0.8905012279154577,0.8941308560178044,4.864340768878509,4512,2.1102051551187193,3,0.034232439469634966,0.03409347656115841,2.036183786499953,2.027918117282431,0.5092213504183026,0.34408738290889695,0.06897284651098126
673490,"Kim, Ha-Seong",0.038285715384095094,2.277277171228064,0.8905012279154577,0.8941308560178044,4.864340768878509,6269,2.114098792683894,2,0.034232439469634966,0.03409347656115841,2.036183786499953,2.027918117282431,0.5128062769968619,0.30421266009639486,0.16681253482813677
673548,"Suzuki, Seiya",0.038285715384095094,2.277277171228064,0.8905012279154577,0.8941308560178044,4.864340768878509,4321,2.034407283169144,3,0.034232439469634966,0.03409347656115841,2.036183786499953,2.027918117282431,0.5092213504183026,0.34408738290889695,0.06897284651098126
676059,"Westburg, Jordan",0.038285715384095094,2.277277171228064,0.8905012279154577,0.8941308560178044,4.864340768878509,869,2.2140596745027126,2,0.034232439469634966,0.03409347656115841,2.036183786499953,2.027918117282431,0.5106381468803293,0.30421266009639486,0.16522500449453542
676356,"DeLuca, Jonny",0.038285715384095094,2.277277171228064,0.8905012279154577,0.8941308560178044,4.864340768878509,167,2.248588155025281,2,0.034232439469634966,0.03409347656115841,2.036183786499953,2.027918117282431,0.5133552464573319,0.30421266009639486,0.16522500449453542
676391,"Clement, Ernie",0.038285715384095094,2.277277171228064,0.8905012279154577,0.8941308560178044,4.864340768878509,1226,2.249439733503763,3,0.034232439469634966,0.03409347656115841,2.036183786499953,2.027918117282431,0.49022484241105874,0.4231715534529912,0.06260920740131834
676475,"Burleson, Alec",0.038285715384095094,2.277277171228064,0.8905012279154577,0.8941308560178044,4.864340768878509,1428,2.0376468011447004,1,0.034232439469634966,0.03409347656115841,2.036183786499953,2.027918117282431,0.4304554331852111,0.3044490357863683,0.14039758827224358
676609,"Caballero, José",0.038285715384095094,2.277277171228064,0.8905012279154577,0.8941308560178044,4.864340768878509,1140,2.2383988331356752,3,0.034232439469634966,0.03409347656115841,2.036183786499953,2.027918117282431,0.49022484241105874,0.4231715534529912,0.06260920740131834
676694,"Meyers, Jake",0.038285715384095094,2.277277171228064,0.8905012279154577,0.8941308560178044,4.864340768878509,2615,2.2453262925729462,2,0.034232439469634966,0.03409347656115841,2.036183786499953,2.027918117282431,0.5108419133216592,0.30421266009639486,0.16681253482813677
676801,"McCormick, Chas",0.038285715384095094,2.277277171228064,0.8905012279154577,0.8941308560178044,4.864340768878509,4672,2.2664260786183945,2,0.034232439469634966,0.03409347656115841,2.036183786499953,2.027918117282431,0.5091214453163055,0.30421266009639486,0.16681253482813677
676914,"Schneider, Davis",0.038285715384095094,2.277277171228064,0.8905012279154577,0.8941308560178044,4.864340768878509,583,2.345551665791803,2,0.034232439469634966,0.03409347656115841,2.036183786499953,2.027918117282431,0.5119769626528181,0.30421266009639486,0.16522500449453542
677587,"Rocchio, Brayan",0.038285715384095094,2.277277171228064,0.8905012279154577,0.8941308560178044,4.864340768878509,342,2.489749837556855,1,0.034232439469634966,0.03409347656115841,2.036183786499953,2.027918117282431,0.4384029366523754,0.3044490357863683,0.14039758827224358
677594,"Rodríguez, Julio",0.038285715384095094,2.277277171228064,0.8905012279154577,0.8941308560178044,4.864340768878509,4595,2.175102899156218,3,0.034232439469634966,0.03409347656115841,2.036183786499953,2.027918117282431,0.5092213504183026,0.34408738290889695,0.06897284651098126
677649,"Duran, Ezequiel",0.038285715384095094,2.277277171228064,0.8905012279154577,0.8941308560178044,4.864340768878509,2447,2.222682254629537,2,0.034232439469634966,0.03409347656115841,2.036183786499953,2.027918117282431,0.5103703504213809,0.30421266009639486,0.16681253482813677
677800,"Abreu, Wilyer",0.038285715384095094,2.277277171228064,0.8905012279154577,0.8941308560178044,4.864340768878509,361,1.9598505833962898,1,0.034232439469634966,0.03409347656115841,2.036183786499953,2.027918117282431,0.4384029366523754,0.3044490357863683,0.14039758827224358
677951,"Witt Jr., Bobby",0.038285715384095094,2.277277171228064,0.8905012279154577,0.8941308560178044,4.864340768878509,5033,2.0393543764445807,3,0.034232439469634966,0.03409347656115841,2.036183786499953,2.027918117282431,0.5136405866019588,0.3457845949280049,0.07669892102630667
678009,"Meadows, Parker",0.038285715384095094,2.277277171228064,0.8905012279154577,0.8941308560178044,4.864340768878509,594,2.103171445090637,1,0.034232439469634966,0.03409347656115841,2.036183786499953,2.027918117282431,0.4384029366523754,0.3044490357863683,0.14039758827224358
678246,"Vargas, Miguel",0.038285715384095094,2.277277171228064,0.8905012279154577,0.8941308560178044,4.864340768878509,1406,2.14199430942852,3,0.034232439469634966,0.03409347656115841,2.036183786499953,2.027918117282431,0.490482636279662,0.4231715534529912,0.06270288340104307
678662,"Tovar, Ezequiel",0.038285715384095094,2.277277171228064,0.8905012279154577,0.8941308560178044,4.864340768878509,2416,2.015987909257777,2,0.034232439469634966,0.03409347656115841,2.036183786499953,2.027918117282431,0.5103703504213809,0.30421266009639486,0.16681253482813677
678882,"Rafaela, Ceddanne",0.038285715384095094,2.277277171228064,0.8905012279154577,0.8941308560178044,4.864340768878509,354,2.647841000807102,3,0.034232439469634966,0.03409347656115841,2.036183786499953,2.027918117282431,0.4875928526595612,0.4238125256119084,0.06299438914457293
679032,"Rojas, Johan",0.038285715384095094,2.277277171228064,0.8905012279154577,0.8941308560178044,4.864340768878509,561,2.4763736807854455,2,0.034232439469634966,0.03409347656115841,2.036183786499953,2.027918117282431,0.5119769626528181,0.30421266009639486,0.16522500449453542
679529,"Torkelson, Spencer",0.038285715384095094,2.277277171228064,0.8905012279154577,0.8941308560178044,4.864340768878509,4423,2.038959456023666,3,0.034232439469634966,0.03409347656115841,2.036183786499953,2.027918117282431,0.5092213504183026,0.34408738290889695,0.06897284651098126
680700,"Palacios, Richie",0.038285715384095094,2.277277171228064,0.8905012279154577,0.8941308560178044,4.864340768878509,921,2.25727613862793,1,0.034232439469634966,0.03409347656115841,2.036183786499953,2.027918117282431,0.4310580540142864,0.3044490357863683,0.14039758827224358
680757,"Kwan, Steven",0.038285715384095094,2.277277171228064,0.8905012279154577,0.8941308560178044,4.864340768878509,5486,2.2283312211242396,1,0.034232439469634966,0.03409347656115841,2.036183786499953,2.027918117282431,0.4263268442763514,0.3044490357863683,0.14291539736047626
680776,"Duran, Jarren",0.038285715384095094,2.277277171228064,0.8905012279154577,0.8941308560178044,4.864340768878509,2707,1.9793516209514987,1,0.034232439469634966,0.03409347656115841,2.036183786499953,2.027918117282431,0.43054595952299507,0.3044490357863683,0.14088949392347214
680777,"Jeffers, Ryan",0.038285715384095094,2.277277171228064,0.8905012279154577,0.8941308560178044,4.864340768878509,3473,2.286724105468707,3,0.034232439469634966,0.03409347656115841,2.036183786499953,2.027918117282431,0.5105396139854101,0.34408738290889695,0.06697061568740081
680869,"Gelof, Zack",0.038285715384095094,2.277277171228064,0.8905012279154577,0.8941308560178044,4.864340768878509,1155,1.7880248683495437,3,0.034232439469634966,0.03409347656115841,2.036183786499953,2.027918117282431,0.49022484241105874,0.4231715534529912,0.06260920740131834
680977,"Donovan, Brendan",0.038285715384095094,2.277277171228064,0.8905012279154577,0.8941308560178044,4.864340768878509,3397,2.283198653002311,1,0.034232439469634966,0.03409347656115841,2.036183786499953,2.027918117282431,0.43054595952299507,0.3044490357863683,0.14088949392347214
681082,"Stott, Bryson",0.038285715384095094,2.277277171228064,0.8905012279154577,0.8941308560178044,4.864340768878509,4542,2.0961746299593065,1,0.034232439469634966,0.03409347656115841,2.036183786499953,2.027918117282431,0.42691551686929946,0.3044490357863683,0.14088949392347214
681146,"Bride, Jonah",0.038285715384095094,2.277277171228064,0.8905012279154577,0.8941308560178044,4.864340768878509,1257,1.9983400935668236,3,0.034232439469634966,0.03409347656115841,2.036183786499953,2.027918117282431,0.490482636279662,0.4231715534529912,0.06260920740131834
681297,"Cowser, Colton",0.038285715384095094,2.277277171228064,0.8905012279154577,0.8941308560178044,4.864340768878509,364,1.9893972099329242,1,0.034232439469634966,0.03409347656115841,2.036183786499953,2.027918117282431,0.4384029366523754,0.3044490357863683,0.14039758827224358
681351,"O'Hoppe, Logan",0.038285715384095094,2.277277171228064,0.8905012279154577,0.8941308560178044,4.864340768878509,821,2.0671704800815642,3,0.034232439469634966,0.03409347656115841,2.036183786499953,2.027918117282431,0.4906559869124914,0.4229012050674641,0.06236466235991915
681481,"Carpenter, Kerry",0.038285715384095094,2.277277171228064,0.8905012279154577,0.8941308560178044,4.864340768878509,2193,2.0426265949179765,1,0.034232439469634966,0.03409347656115841,2.036183786499953,2.027918117282431,0.43054595952299507,0.3044490357863683,0.14088949392347214
681807,"Fry, David",0.038285715384095094,2.277277171228064,0.8905012279154577,0.8941308560178044,4.864340768878509,431,2.2541627745804083,2,0.034232439469634966,0.03409347656115841,2.036183786499953,2.027918117282431,0.5119769626528181,0.30421266009639486,0.16522500449453542
682626,"Alvarez, Francisco",0.038285715384095094,2.277277171228064,0.8905012279154577,0.8941308560178044,4.864340768878509,1681,2.240760949342151,2,0.034232439469634966,0.03409347656115841,2.036183786499953,2.027918117282431,0.510279824083597,0.30421266009639486,0.16681253482813677
682829,"De La Cruz, Elly",0.038285715384095094,2.277277171228064,0.8905012279154577,0.8941308560178044,4.864340768878509,1755,2.180802425652853,1,0.034232439469634966,0.03409347656115841,2.036183786499953,2.027918117282431,0.4304554331852111,0.3044490357863683,0.14039758827224358
682928,"Abrams, CJ",0.038285715384095094,2.277277171228064,0.8905012279154577,0.8941308560178044,4.864340768878509,3220,2.164355573256971,1,0.034232439469634966,0.03409347656115841,2.036183786499953,2.027918117282431,0.43054595952299507,0.3044490357863683,0.14088949392347214
682985,"Greene, Riley",0.038285715384095094,2.277277171228064,0.8905012279154577,0.8941308560178044,4.864340768878509,3462,1.9887591130225448,0,0.034232439469634966,0.03409347656115841,2.036183786499953,2.027918117282431,0.4651353524626131,0.36798436241482113,0.06577844754318292
682998,"Carroll, Corbin",0.038285715384095094,2.277277171228064,0.8905012279154577,0.8941308560178044,4.864340768878509,2889,2.263254834854004,0,0.034232439469634966,0.03409347656115841,2.036183786499953,2.027918117282431,0.4663140148060009,0.37066070407337554,0.04899043406894756
683002,"Henderson, Gunnar",0.038285715384095094,2.277277171228064,0.8905012279154577,0.8941308560178044,4.864340768878509,2944,2.155881172533686,1,0.034232439469634966,0.03409347656115841,2.036183786499953,2.027918117282431,0.43054595952299507,0.3044490357863683,0.14088949392347214
683011,"Volpe, Anthony",0.038285715384095094,2.277277171228064,0.8905012279154577,0.8941308560178044,4.864340768878509,2335,2.13677599108006,3,0.034232439469634966,0.03409347656115841,2.036183786499953,2.027918117282431,0.4927111478751322,0.4079607947023829,0.06668777928940185
683734,"Vaughn, Andrew",0.038285715384095094,2.277277171228064,0.8905012279154577,0.8941308560178044,4.864340768878509,6213,2.100421273381196,2,0.034232439469634966,0.03409347656115841,2.036183786499953,2.027918117282431,0.5128062769968619,0.30421266009639486,0.16681253482813677
683737,"Busch, Michael",0.038285715384095094,2.277277171228064,0.8905012279154577,0.8941308560178044,4.864340768878509,353,2.3092424493982566,1,0.034232439469634966,0.03409347656115841,2.036183786499953,2.027918117282431,0.4384029366523754,0.3044490357863683,0.14039758827224358
686217,"Frelick, Sal",0.038285715384095094,2.277277171228064,0.8905012279154577,0.8941308560178044,4.864340768878509,878,2.4370774396409196,1,0.034232439469634966,0.03409347656115841,2.036183786499953,2.027918117282431,0.43141637681101874,0.3044490357863683,0.14039758827224358
686469,"Pasquantino, Vinnie",0.038285715384095094,2.277277171228064,0.8905012279154577,0.8941308560178044,4.864340768878509,2052,2.032190183652172,1,0.034232439469634966,0.03409347656115841,2.036183786499953,2.027918117282431,0.4304554331852111,0.3044490357863683,0.14088949392347214
686668,"Doyle, Brenton",0.038285715384095094,2.277277171228064,0.8905012279154577,0.8941308560178044,4.864340768878509,1591,2.17156065179321,3,0.034232439469634966,0.03409347656115841,2.036183786499953,2.027918117282431,0.4907233933789755,0.42258883409804476,0.0636231551256463
686676,"Lee, Korey",0.038285715384095094,2.277277171228064,0.8905012279154577,0.8941308560178044,4.864340768878509,379,1.9793113072796449,3,0.034232439469634966,0.03409347656115841,2.036183786499953,2.027918117282431,0.4909206110614768,0.42251812837483377,0.06288435366778847
686681,"Massey, Michael",0.038285715384095094,2.277277171228064,0.8905012279154577,0.8941308560178044,4.864340768878509,2560,2.092554254556208,1,0.034232439469634966,0.03409347656115841,2.036183786499953,2.027918117282431,0.43054595952299507,0.3044490357863683,0.14088949392347214
686823,"Brennan, Will",0.038285715384095094,2.277277171228064,0.8905012279154577,0.8941308560178044,4.864340768878509,1761,2.4707990637592805,1,0.034232439469634966,0.03409347656115841,2.036183786499953,2.027918117282431,0.4304554331852111,0.3044490357863683,0.14039758827224358
687263,"Neto, Zach",0.038285715384095094,2.277277171228064,0.8905012279154577,0.8941308560178044,4.864340768878509,1288,2.225217010387818,3,0.034232439469634966,0.03409347656115841,2.036183786499953,2.027918117282431,0.490482636279662,0.4231715534529912,0.06260920740131834
687401,"Ortiz, Joey",0.038285715384095094,2.277277171228064,0.8905012279154577,0.8941308560178044,4.864340768878509,112,2.0072589612768184,2,0.034232439469634966,0.03409347656115841,2.036183786499953,2.027918117282431,0.5155675626341619,0.30421266009639486,0.16522500449453542
687462,"Horwitz, Spencer",0.038285715384095094,2.277277171228064,0.8905012279154577,0.8941308560178044,4.864340768878509,169,2.603093060785368,1,0.034232439469634966,0.03409347656115841,2.036183786499953,2.027918117282431,0.4377663505515943,0.3044490357863683,0.14039758827224358
691026,"Winn, Masyn",0.038285715384095094,2.277277171228064,0.8905012279154577,0.8941308560178044,4.864340768878509,535,2.098617768524311,2,0.034232439469634966,0.03409347656115841,2.036183786499953,2.027918117282431,0.5119769626528181,0.30421266009639486,0.16522500449453542
691718,"Crow-Armstrong, Pete",0.038285715384095094,2.277277171228064,0.8905012279154577,0.8941308560178044,4.864340768878509,73,2.495890410958904,1,0.034232439469634966,0.03409347656115841,2.036183786499953,2.027918117282431,0.44323276946424706,0.3044490357863683,0.14039758827224358
693304,"Gonzales, Nick",0.038285715384095094,2.277277171228064,0.8905012279154577,0.8941308560178044,4.864340768878509,498,2.5164602855867915,2,0.034232439469634966,0.03409347656115841,2.036183786499953,2.027918117282431,0.5124081522401369,0.30421266009639486,0.16522500449453542
694384,"Schanuel, Nolan",0.038285715384095094,2.277277171228064,0.8905012279154577,0.8941308560178044,4.864340768878509,530,2.1133334654616562,1,0.034232439469634966,0.03409347656115841,2.036183786499953,2.027918117282431,0.4384029366523754,0.3044490357863683,0.14039758827224358
696285,"Young, Jacob",0.038285715384095094,2.277277171228064,0.8905012279154577,0.8941308560178044,4.864340768878509,466,2.30114960147149,3,0.034232439469634966,0.03409347656115841,2.036183786499953,2.027918117282431,0.4909206110614768,0.42251812837483377,0.06288435366778847
807799,"Yoshida, Masataka",0.038285715384095094,2.277277171228064,0.8905012279154577,0.8941308560178044,4.864340768878509,2197,2.0412036277079517,1,0.034232439469634966,0.03409347656115841,2.036183786499953,2.027918117282431,0.43054595952299507,0.3044490357863683,0.14088949392347214
